Day,Content Pillar,Post Idea,Primary Platform,Secondary Platforms,Format,Goal,CTA
1,Brand Story,Why Bit Bridge Global exists,LinkedIn,X + Instagram,Founder text post,Awareness,Follow for launch updates
2,Problem Awareness,Common payment pain points,Instagram,X + LinkedIn,Carousel,Awareness,Comment your top pain point
3,Feature Education,All-in-one payments overview,LinkedIn,Instagram + X,Product graphic,Education,Save this post
4,Feature Demo,Airtime top-up flow,Instagram,X + LinkedIn,Short demo video,Consideration,Try airtime purchase
5,Feature Demo,Data purchase flow,Instagram,X + LinkedIn,Screen recording,Consideration,Try data purchase
6,Feature Demo,Pay utilities in seconds,X,LinkedIn + Instagram,Thread,Education,See full demo
7,Trust,Security layer highlights,LinkedIn,X + Instagram,Static card,Trust,Share with your team
8,Social Proof,Transaction timeline visibility,LinkedIn,Instagram + X,Carousel,Trust,Save for reference
9,Feature Demo,Wallet funding options,Instagram,LinkedIn + X,Short demo video,Consideration,Fund wallet today
10,Education,How to track transactions quickly,X,LinkedIn + Instagram,How-to thread,Education,Bookmark this guide
11,Build in Public,What shipped this week,LinkedIn,X + Instagram,Update post,Retention,Follow weekly updates
12,Use Case,Freelancer monthly payments workflow,LinkedIn,Instagram + X,Story post,Consideration,Comment "workflow"
13,Use Case,Family utility bills checklist,Instagram,LinkedIn + X,Carousel,Education,Share with family
14,Community,Poll: most-used payment feature,X,Instagram + LinkedIn,Poll,Engagement,Vote in poll
15,Feature Proof,Instant receipts and records,LinkedIn,Instagram + X,Static + caption,Trust,Save this proof flow
16,Education,How to reconcile transactions faster,LinkedIn,X + Instagram,Mini-guide,Education,Download checklist
17,Behind the Scenes,How reliability is designed,X,LinkedIn + Instagram,Thread,Trust,Ask questions
18,Feature Demo,Bank transfer journey,Instagram,LinkedIn + X,Demo video,Consideration,Try transfer flow
19,Feature Demo,Card funding walkthrough,Instagram,X + LinkedIn,Short video,Consideration,Fund wallet now
20,Trust,PIN and biometric controls,LinkedIn,X + Instagram,Security explainer,Trust,Enable app security
21,Community,Q&A box about payments,Instagram,X + LinkedIn,Stories/Q&A,Engagement,Drop your question
22,Positioning,Bit Bridge Global in one sentence,LinkedIn,X + Instagram,Brand statement,Awareness,Share with a founder
23,Education,5 mistakes in bill payments,X,LinkedIn + Instagram,Thread,Education,Bookmark this thread
24,Use Case,Small business cash movement flow,LinkedIn,Instagram + X,Case-style post,Consideration,Try this setup
25,Build in Public,Road to launch milestone,LinkedIn,X + Instagram,Milestone post,Awareness,Join waitlist
26,Feature Roundup,Top 4 features users ask for,Instagram,LinkedIn + X,Carousel,Education,Comment your favorite
27,Community,Myth vs fact about digital payments,X,Instagram + LinkedIn,Short thread,Engagement,Reply with myths
28,Trust,How support and proof resolve issues,LinkedIn,X + Instagram,Support explainer,Trust,Keep your receipt habit
29,Launch Prep,What to expect at launch,LinkedIn,Instagram + X,Announcement post,Conversion,Turn on notifications
30,Launch Momentum,30-day recap and next step,LinkedIn,X + Instagram,Recap post,Conversion,Sign up / start using
